"Name Not Found","Price Not Found"
"Name Not Found","Price Not Found"
"Name Not Found","Price Not Found"
"OnePlus 80 cm (32 inches) Y Series HD Ready LED Smart Android TV 32Y1 (Black)","Price Not Found"
"Redmi 80 cm (32 inches) Android 11 Series HD Ready Smart LED TV | L32M6-RA/L32M7-RA (Black)","Price Not Found"
"VW 80 cm (32 inches) HD Ready LED TV VW32A (Black) (2021 Model)","Price Not Found"
"Name Not Found","Price Not Found"
"Name Not Found","Price Not Found"
"LG 80 cm (32 inches) HD Ready Smart LED TV 32LM563BPTC (Dark Iron Gray)","Price Not Found"
"VW 80 cm (32 inches) HD Ready Smart LED TV VW32S (Black) (2021 Model)","Price Not Found"
"Croma 80 cm (32 Inches) HD Ready LED TV (CREL7369, Black) (2021 Model)","Price Not Found"
"Acer 80 cm (32 inches) N Series HD Ready TV AR32NSV53HD (Black)","Price Not Found"
"Samsung 80 cm (32 Inches) Wondertainment Series HD Ready LED Smart TV UA32T4340BKXXL (Glossy Black)","Price Not Found"
"Name Not Found","Price Not Found"
"Name Not Found","Price Not Found"
"Mi 80 cm (32 inches) 5A Series HD Ready Smart Android LED TV L32M7-5AIN (Black)","Price Not Found"
"OnePlus 80 cm (32 inches) Y Series HD Ready Smart Android LED TV 32 Y1S (Black)","Price Not Found"
"Kodak 80 cm (32 Inches) HD Ready LED TV Kodak 32HDX900S (Black)","Price Not Found"
"Acer 80 cm (32 inches) I Series HD Ready Android Smart LED TV AR32AR2841HDFL (Black)","Price Not Found"
